<?xml version="1.0" encoding="UTF-8"?>
<project-private xmlns="http://www.netbeans.org/ns/project-private/1">
    <editor-bookmarks xmlns="http://www.netbeans.org/ns/editor-bookmarks/2" lastBookmarkId="0"/>
    <open-files xmlns="http://www.netbeans.org/ns/projectui-open-files/2">
        <group>
            <file>file:/C:/Users/HP/Documents/NetBeansProjects/Mediateca/src/mediateca/ui/libro.java</file>
            <file>file:/C:/Users/HP/Documents/NetBeansProjects/Mediateca/src/mediateca/ui/materiales.java</file>
            <file>file:/C:/Users/HP/Documents/NetBeansProjects/Mediateca/src/mediateca/controladores/DaoMateriales.java</file>
            <file>file:/C:/Users/HP/Documents/NetBeansProjects/Mediateca/src/mediateca/controladores/DaoLibro.java</file>
            <file>file:/C:/Users/HP/Documents/NetBeansProjects/Mediateca/src/mediateca/ui/login.java</file>
            <file>file:/C:/Users/HP/Documents/NetBeansProjects/Mediateca/src/mediateca/modelos/MaterialModel.java</file>
            <file>file:/C:/Users/HP/Documents/NetBeansProjects/Mediateca/src/mediateca/controladores/Conexion.java</file>
            <file>file:/C:/Users/HP/Documents/NetBeansProjects/Mediateca/src/mediateca/modelos/LibroModel.java</file>
        </group>
    </open-files>
</project-private>
